{"cameraMode":{"drawMode":0,"name":"Shaded","section":"Shading Mode"},"sceneLighting":true,"audioPlay":false,"sceneViewState":{"m_AlwaysRefresh":false,"showFog":true,"showSkybox":true,"showFlares":true,"showImageEffects":true,"showParticleSystems":true,"showVisualEffectGraphs":true,"m_FxEnabled":true},"in2DMode":false,"pivot":{"x":-21.834091186523439,"y":-27.372390747070314,"z":23.292970657348634},"rotation":{"x":0.2892918884754181,"y":-0.15054121613502503,"z":0.046124715358018878,"w":0.9442262053489685},"size":38.042545318603519,"orthographic":false}